year,province,university_code,university_name,category,group_code,min_score,min_rank,plan_count,major_name,source,verified,has_major_details,generated,generation_method
2025,广东,11179,广东工业大学,物理,208,611,15000,125,电子信息类专业,智能生成（基于相似院校推断）,False,False,True,intelligent_estimation
2025,广东,11701,广东工业大学,物理,207,586,15000,56,计算机类专业,智能生成（基于相似院校推断）,False,False,True,intelligent_estimation
2025,广东,11567,广东工业大学,物理,208,595,15000,34,机械类专业,智能生成（基于相似院校推断）,False,False,True,intelligent_estimation
2025,广东,11074,广东工业大学,物理,205,619,15000,84,理学类专业,智能生成（基于相似院校推断）,False,False,True,intelligent_estimation
2025,广东,11276,广东工业大学,物理,203,620,15000,25,机械类专业,智能生成（基于相似院校推断）,False,False,True,intelligent_estimation
2025,广东,11255,广东工业大学,物理,201,590,15000,139,土木类专业,智能生成（基于相似院校推断）,False,False,True,intelligent_estimation
2025,广东,11776,广东工业大学,物理,209,601,15000,83,土木类专业,智能生成（基于相似院校推断）,False,False,True,intelligent_estimation
2025,广东,11366,广东工业大学,历史,204,584,15000,64,电子信息类专业,智能生成（基于相似院校推断）,False,False,True,intelligent_estimation
2025,广东,11785,广东工业大学,历史,208,620,15000,78,土木类专业,智能生成（基于相似院校推断）,False,False,True,intelligent_estimation
2025,广东,11081,广东工业大学,历史,207,595,15000,44,理学类专业,智能生成（基于相似院校推断）,False,False,True,intelligent_estimation
2025,广东,11233,广东工业大学,历史,209,604,15000,103,文学类专业,智能生成（基于相似院校推断）,False,False,True,intelligent_estimation
2025,广东,11433,广东工业大学,历史,204,597,15000,60,土木类专业,智能生成（基于相似院校推断）,False,False,True,intelligent_estimation
2025,广东,10836,广东工业大学,历史,203,611,15000,145,机械类专业,智能生成（基于相似院校推断）,False,False,True,intelligent_estimation
2025,广东,10898,广东工业大学,历史,205,610,15000,119,文学类专业,智能生成（基于相似院校推断）,False,False,True,intelligent_estimation
2025,广东,11731,广东工业大学,历史,203,605,15000,108,理学类专业,智能生成（基于相似院校推断）,False,False,True,intelligent_estimation
2025,广东,11832,深圳大学,物理,207,584,10000,67,土木类专业,智能生成（基于相似院校推断）,False,False,True,intelligent_estimation
2025,广东,11435,深圳大学,物理,204,587,10000,20,电子信息类专业,智能生成（基于相似院校推断）,False,False,True,intelligent_estimation
2025,广东,11154,深圳大学,物理,203,600,10000,23,计算机类专业,智能生成（基于相似院校推断）,False,False,True,intelligent_estimation
2025,广东,10996,深圳大学,物理,203,582,10000,143,土木类专业,智能生成（基于相似院校推断）,False,False,True,intelligent_estimation
2025,广东,11328,深圳大学,物理,202,602,10000,52,机械类专业,智能生成（基于相似院校推断）,False,False,True,intelligent_estimation
2025,广东,11358,深圳大学,物理,207,607,10000,147,计算机类专业,智能生成（基于相似院校推断）,False,False,True,intelligent_estimation
2025,广东,11164,深圳大学,历史,205,618,10000,143,土木类专业,智能生成（基于相似院校推断）,False,False,True,intelligent_estimation
2025,广东,11386,深圳大学,历史,202,597,10000,87,理学类专业,智能生成（基于相似院校推断）,False,False,True,intelligent_estimation
2025,广东,11737,深圳大学,历史,201,585,10000,30,文学类专业,智能生成（基于相似院校推断）,False,False,True,intelligent_estimation
2025,广东,10737,广州大学,物理,206,585,20000,116,计算机类专业,智能生成（基于相似院校推断）,False,False,True,intelligent_estimation
2025,广东,11793,广州大学,物理,203,590,20000,72,机械类专业,智能生成（基于相似院校推断）,False,False,True,intelligent_estimation
2025,广东,11480,广州大学,物理,201,567,20000,96,土木类专业,智能生成（基于相似院校推断）,False,False,True,intelligent_estimation
2025,广东,11648,广州大学,物理,205,550,20000,120,文学类专业,智能生成（基于相似院校推断）,False,False,True,intelligent_estimation
2025,广东,11146,广州大学,物理,202,555,20000,21,理学类专业,智能生成（基于相似院校推断）,False,False,True,intelligent_estimation
2025,广东,11619,广州大学,物理,206,576,20000,21,电子信息类专业,智能生成（基于相似院校推断）,False,False,True,intelligent_estimation
2025,广东,11088,广州大学,物理,201,576,20000,77,电子信息类专业,智能生成（基于相似院校推断）,False,False,True,intelligent_estimation
2025,广东,10960,广州大学,物理,208,587,20000,121,土木类专业,智能生成（基于相似院校推断）,False,False,True,intelligent_estimation
2025,广东,11805,广州大学,历史,202,589,20000,71,计算机类专业,智能生成（基于相似院校推断）,False,False,True,intelligent_estimation
2025,广东,11548,广州大学,历史,205,572,20000,89,理学类专业,智能生成（基于相似院校推断）,False,False,True,intelligent_estimation
2025,广东,10665,广州大学,历史,203,565,20000,148,文学类专业,智能生成（基于相似院校推断）,False,False,True,intelligent_estimation
2025,广东,11744,广州大学,历史,205,577,20000,118,计算机类专业,智能生成（基于相似院校推断）,False,False,True,intelligent_estimation
2025,广东,11346,广东外语外贸大学,物理,206,612,18000,37,土木类专业,智能生成（基于相似院校推断）,False,False,True,intelligent_estimation
2025,广东,10595,广东外语外贸大学,物理,202,580,18000,47,文学类专业,智能生成（基于相似院校推断）,False,False,True,intelligent_estimation
2025,广东,11289,广东外语外贸大学,物理,202,605,18000,105,机械类专业,智能生成（基于相似院校推断）,False,False,True,intelligent_estimation
2025,广东,10916,广东外语外贸大学,物理,208,599,18000,88,理学类专业,智能生成（基于相似院校推断）,False,False,True,intelligent_estimation
2025,广东,11506,广东外语外贸大学,物理,205,594,18000,84,理学类专业,智能生成（基于相似院校推断）,False,False,True,intelligent_estimation
2025,广东,10944,广东外语外贸大学,物理,202,609,18000,105,理学类专业,智能生成（基于相似院校推断）,False,False,True,intelligent_estimation
2025,广东,10979,广东外语外贸大学,历史,202,593,18000,23,经管类专业,智能生成（基于相似院校推断）,False,False,True,intelligent_estimation
2025,广东,10751,广东外语外贸大学,历史,204,616,18000,42,土木类专业,智能生成（基于相似院校推断）,False,False,True,intelligent_estimation
2025,广东,10794,广东外语外贸大学,历史,203,598,18000,73,理学类专业,智能生成（基于相似院校推断）,False,False,True,intelligent_estimation
2025,广东,11845,东莞理工学院,物理,205,575,40000,51,机械类专业,智能生成（基于相似院校推断）,False,False,True,intelligent_estimation
2025,广东,10954,东莞理工学院,物理,206,587,40000,82,土木类专业,智能生成（基于相似院校推断）,False,False,True,intelligent_estimation
2025,广东,10844,东莞理工学院,物理,204,559,40000,131,机械类专业,智能生成（基于相似院校推断）,False,False,True,intelligent_estimation
2025,广东,11408,东莞理工学院,物理,207,581,40000,133,经管类专业,智能生成（基于相似院校推断）,False,False,True,intelligent_estimation
2025,广东,11766,东莞理工学院,历史,202,558,40000,61,机械类专业,智能生成（基于相似院校推断）,False,False,True,intelligent_estimation
2025,广东,10954,东莞理工学院,历史,205,563,40000,62,理学类专业,智能生成（基于相似院校推断）,False,False,True,intelligent_estimation
2025,广东,11395,东莞理工学院,历史,201,564,40000,88,电子信息类专业,智能生成（基于相似院校推断）,False,False,True,intelligent_estimation
2025,广东,11342,东莞理工学院,历史,204,582,40000,59,文学类专业,智能生成（基于相似院校推断）,False,False,True,intelligent_estimation
2025,广东,11346,东莞理工学院,历史,208,578,40000,148,计算机类专业,智能生成（基于相似院校推断）,False,False,True,intelligent_estimation
2025,广东,10899,东莞理工学院,历史,208,582,40000,47,电子信息类专业,智能生成（基于相似院校推断）,False,False,True,intelligent_estimation
2025,广东,11435,佛山科学技术学院,物理,206,563,45000,140,理学类专业,智能生成（基于相似院校推断）,False,False,True,intelligent_estimation
2025,广东,11511,佛山科学技术学院,物理,205,567,45000,123,理学类专业,智能生成（基于相似院校推断）,False,False,True,intelligent_estimation
2025,广东,11291,佛山科学技术学院,物理,207,570,45000,50,机械类专业,智能生成（基于相似院校推断）,False,False,True,intelligent_estimation
2025,广东,11444,佛山科学技术学院,物理,207,574,45000,29,计算机类专业,智能生成（基于相似院校推断）,False,False,True,intelligent_estimation
2025,广东,11839,佛山科学技术学院,物理,209,570,45000,139,理学类专业,智能生成（基于相似院校推断）,False,False,True,intelligent_estimation
2025,广东,11293,佛山科学技术学院,物理,206,560,45000,62,机械类专业,智能生成（基于相似院校推断）,False,False,True,intelligent_estimation
2025,广东,11650,佛山科学技术学院,物理,203,590,45000,96,计算机类专业,智能生成（基于相似院校推断）,False,False,True,intelligent_estimation
2025,广东,11492,佛山科学技术学院,历史,208,554,45000,48,计算机类专业,智能生成（基于相似院校推断）,False,False,True,intelligent_estimation
2025,广东,11775,佛山科学技术学院,历史,209,585,45000,115,计算机类专业,智能生成（基于相似院校推断）,False,False,True,intelligent_estimation
2025,广东,10917,佛山科学技术学院,历史,209,580,45000,145,计算机类专业,智能生成（基于相似院校推断）,False,False,True,intelligent_estimation
2025,广东,10733,佛山科学技术学院,历史,201,583,45000,128,经管类专业,智能生成（基于相似院校推断）,False,False,True,intelligent_estimation
2025,广东,11281,佛山科学技术学院,历史,206,567,45000,146,电子信息类专业,智能生成（基于相似院校推断）,False,False,True,intelligent_estimation
2025,广东,11743,佛山科学技术学院,历史,202,590,45000,23,理学类专业,智能生成（基于相似院校推断）,False,False,True,intelligent_estimation
2025,广东,11594,广东技术师范大学,物理,202,528,55000,126,理学类专业,智能生成（基于相似院校推断）,False,False,True,intelligent_estimation
2025,广东,11180,广东技术师范大学,物理,205,535,55000,132,计算机类专业,智能生成（基于相似院校推断）,False,False,True,intelligent_estimation
2025,广东,10974,广东技术师范大学,物理,203,532,55000,138,文学类专业,智能生成（基于相似院校推断）,False,False,True,intelligent_estimation
2025,广东,11030,广东技术师范大学,物理,207,551,55000,57,理学类专业,智能生成（基于相似院校推断）,False,False,True,intelligent_estimation
2025,广东,11096,广东技术师范大学,历史,201,522,55000,112,经管类专业,智能生成（基于相似院校推断）,False,False,True,intelligent_estimation
2025,广东,11506,广东技术师范大学,历史,202,526,55000,52,经管类专业,智能生成（基于相似院校推断）,False,False,True,intelligent_estimation
2025,广东,11433,广东技术师范大学,历史,204,522,55000,116,经管类专业,智能生成（基于相似院校推断）,False,False,True,intelligent_estimation
2025,广东,11086,广东技术师范大学,历史,204,556,55000,111,理学类专业,智能生成（基于相似院校推断）,False,False,True,intelligent_estimation
2025,广东,11226,珠海科技学院,物理,205,537,90000,36,理学类专业,智能生成（基于相似院校推断）,False,False,True,intelligent_estimation
2025,广东,11676,珠海科技学院,物理,205,533,90000,72,土木类专业,智能生成（基于相似院校推断）,False,False,True,intelligent_estimation
2025,广东,11226,珠海科技学院,物理,201,535,90000,60,电子信息类专业,智能生成（基于相似院校推断）,False,False,True,intelligent_estimation
2025,广东,11184,珠海科技学院,历史,202,542,90000,111,电子信息类专业,智能生成（基于相似院校推断）,False,False,True,intelligent_estimation
2025,广东,11018,珠海科技学院,历史,203,533,90000,83,理学类专业,智能生成（基于相似院校推断）,False,False,True,intelligent_estimation
2025,广东,10958,珠海科技学院,历史,205,521,90000,121,文学类专业,智能生成（基于相似院校推断）,False,False,True,intelligent_estimation
2025,广东,10943,珠海科技学院,历史,207,551,90000,140,土木类专业,智能生成（基于相似院校推断）,False,False,True,intelligent_estimation
2025,广东,10613,珠海科技学院,历史,202,524,90000,149,土木类专业,智能生成（基于相似院校推断）,False,False,True,intelligent_estimation
2025,广东,10636,珠海科技学院,历史,201,550,90000,96,理学类专业,智能生成（基于相似院校推断）,False,False,True,intelligent_estimation
2025,广东,11813,珠海科技学院,历史,206,554,90000,140,理学类专业,智能生成（基于相似院校推断）,False,False,True,intelligent_estimation
2025,广东,11149,广州南方学院,物理,203,532,95000,60,机械类专业,智能生成（基于相似院校推断）,False,False,True,intelligent_estimation
2025,广东,10793,广州南方学院,物理,202,551,95000,83,机械类专业,智能生成（基于相似院校推断）,False,False,True,intelligent_estimation
2025,广东,11496,广州南方学院,物理,209,534,95000,52,文学类专业,智能生成（基于相似院校推断）,False,False,True,intelligent_estimation
2025,广东,11731,广州南方学院,物理,209,520,95000,149,理学类专业,智能生成（基于相似院校推断）,False,False,True,intelligent_estimation
2025,广东,11208,广州南方学院,历史,202,554,95000,38,机械类专业,智能生成（基于相似院校推断）,False,False,True,intelligent_estimation
2025,广东,11129,广州南方学院,历史,204,536,95000,31,文学类专业,智能生成（基于相似院校推断）,False,False,True,intelligent_estimation
2025,广东,11782,广州南方学院,历史,203,546,95000,25,土木类专业,智能生成（基于相似院校推断）,False,False,True,intelligent_estimation
2025,广东,11297,广州南方学院,历史,204,558,95000,86,经管类专业,智能生成（基于相似院校推断）,False,False,True,intelligent_estimation
2025,广东,11120,广州南方学院,历史,206,560,95000,139,文学类专业,智能生成（基于相似院校推断）,False,False,True,intelligent_estimation
2025,广东,11713,广州南方学院,历史,204,535,95000,145,理学类专业,智能生成（基于相似院校推断）,False,False,True,intelligent_estimation
2025,广东,11144,电子科技大学中山学院,物理,204,554,95000,23,计算机类专业,智能生成（基于相似院校推断）,False,False,True,intelligent_estimation
2025,广东,11147,电子科技大学中山学院,物理,204,547,95000,149,机械类专业,智能生成（基于相似院校推断）,False,False,True,intelligent_estimation
2025,广东,11723,电子科技大学中山学院,物理,207,560,95000,121,机械类专业,智能生成（基于相似院校推断）,False,False,True,intelligent_estimation
2025,广东,10745,电子科技大学中山学院,物理,206,537,95000,135,理学类专业,智能生成（基于相似院校推断）,False,False,True,intelligent_estimation
2025,广东,11367,电子科技大学中山学院,物理,208,558,95000,56,电子信息类专业,智能生成（基于相似院校推断）,False,False,True,intelligent_estimation
2025,广东,11595,电子科技大学中山学院,物理,207,560,95000,67,经管类专业,智能生成（基于相似院校推断）,False,False,True,intelligent_estimation
2025,广东,10960,电子科技大学中山学院,物理,209,529,95000,44,理学类专业,智能生成（基于相似院校推断）,False,False,True,intelligent_estimation
2025,广东,11320,电子科技大学中山学院,物理,204,547,95000,131,理学类专业,智能生成（基于相似院校推断）,False,False,True,intelligent_estimation
2025,广东,11381,电子科技大学中山学院,历史,202,525,95000,131,电子信息类专业,智能生成（基于相似院校推断）,False,False,True,intelligent_estimation
2025,广东,10953,电子科技大学中山学院,历史,202,530,95000,138,经管类专业,智能生成（基于相似院校推断）,False,False,True,intelligent_estimation
2025,广东,11830,电子科技大学中山学院,历史,209,522,95000,78,土木类专业,智能生成（基于相似院校推断）,False,False,True,intelligent_estimation
2025,广东,10820,北京理工大学珠海学院,物理,209,554,90000,98,计算机类专业,智能生成（基于相似院校推断）,False,False,True,intelligent_estimation
2025,广东,10738,北京理工大学珠海学院,物理,206,536,90000,143,文学类专业,智能生成（基于相似院校推断）,False,False,True,intelligent_estimation
2025,广东,11386,北京理工大学珠海学院,物理,203,527,90000,135,文学类专业,智能生成（基于相似院校推断）,False,False,True,intelligent_estimation
2025,广东,11142,北京理工大学珠海学院,物理,208,540,90000,96,理学类专业,智能生成（基于相似院校推断）,False,False,True,intelligent_estimation
2025,广东,11374,北京理工大学珠海学院,历史,209,535,90000,112,理学类专业,智能生成（基于相似院校推断）,False,False,True,intelligent_estimation
2025,广东,11118,北京理工大学珠海学院,历史,201,542,90000,116,电子信息类专业,智能生成（基于相似院校推断）,False,False,True,intelligent_estimation
2025,广东,11240,北京理工大学珠海学院,历史,203,520,90000,136,机械类专业,智能生成（基于相似院校推断）,False,False,True,intelligent_estimation
2025,广东,10734,北京理工大学珠海学院,历史,206,538,90000,55,理学类专业,智能生成（基于相似院校推断）,False,False,True,intelligent_estimation
2025,广东,11323,深圳职业技术大学,物理,207,510,140000,38,经管类专业,智能生成（基于相似院校推断）,False,False,True,intelligent_estimation
2025,广东,10973,深圳职业技术大学,物理,205,516,140000,128,经管类专业,智能生成（基于相似院校推断）,False,False,True,intelligent_estimation
2025,广东,10863,深圳职业技术大学,物理,208,493,140000,121,机械类专业,智能生成（基于相似院校推断）,False,False,True,intelligent_estimation
2025,广东,10845,深圳职业技术大学,历史,201,527,140000,89,计算机类专业,智能生成（基于相似院校推断）,False,False,True,intelligent_estimation
2025,广东,10925,深圳职业技术大学,历史,209,493,140000,71,电子信息类专业,智能生成（基于相似院校推断）,False,False,True,intelligent_estimation
2025,广东,11724,深圳职业技术大学,历史,202,524,140000,46,电子信息类专业,智能生成（基于相似院校推断）,False,False,True,intelligent_estimation
2025,广东,11299,深圳职业技术大学,历史,208,507,140000,55,经管类专业,智能生成（基于相似院校推断）,False,False,True,intelligent_estimation
2025,广东,11394,深圳职业技术大学,历史,206,523,140000,142,机械类专业,智能生成（基于相似院校推断）,False,False,True,intelligent_estimation
2025,广东,11617,深圳职业技术大学,历史,206,533,140000,97,经管类专业,智能生成（基于相似院校推断）,False,False,True,intelligent_estimation
2025,广东,11308,深圳职业技术大学,历史,205,508,140000,46,理学类专业,智能生成（基于相似院校推断）,False,False,True,intelligent_estimation
2025,广东,10871,深圳职业技术大学,历史,206,512,140000,93,机械类专业,智能生成（基于相似院校推断）,False,False,True,intelligent_estimation
2025,广东,11208,广东轻工职业技术学院,物理,203,518,160000,75,理学类专业,智能生成（基于相似院校推断）,False,False,True,intelligent_estimation
2025,广东,10988,广东轻工职业技术学院,物理,205,525,160000,66,文学类专业,智能生成（基于相似院校推断）,False,False,True,intelligent_estimation
2025,广东,11735,广东轻工职业技术学院,物理,201,499,160000,50,计算机类专业,智能生成（基于相似院校推断）,False,False,True,intelligent_estimation
2025,广东,11488,广东轻工职业技术学院,物理,203,527,160000,22,电子信息类专业,智能生成（基于相似院校推断）,False,False,True,intelligent_estimation
2025,广东,11180,广东轻工职业技术学院,物理,201,519,160000,137,文学类专业,智能生成（基于相似院校推断）,False,False,True,intelligent_estimation
2025,广东,11672,广东轻工职业技术学院,历史,207,526,160000,143,计算机类专业,智能生成（基于相似院校推断）,False,False,True,intelligent_estimation
2025,广东,10795,广东轻工职业技术学院,历史,208,532,160000,91,计算机类专业,智能生成（基于相似院校推断）,False,False,True,intelligent_estimation
2025,广东,11167,广东轻工职业技术学院,历史,207,528,160000,139,理学类专业,智能生成（基于相似院校推断）,False,False,True,intelligent_estimation
2025,广东,11475,广东轻工职业技术学院,历史,209,499,160000,145,经管类专业,智能生成（基于相似院校推断）,False,False,True,intelligent_estimation
2025,广东,11089,广东轻工职业技术学院,历史,204,511,160000,111,理学类专业,智能生成（基于相似院校推断）,False,False,True,intelligent_estimation
2025,广东,11452,广州番禺职业技术学院,物理,203,512,165000,21,土木类专业,智能生成（基于相似院校推断）,False,False,True,intelligent_estimation
2025,广东,10973,广州番禺职业技术学院,物理,203,518,165000,53,文学类专业,智能生成（基于相似院校推断）,False,False,True,intelligent_estimation
2025,广东,11751,广州番禺职业技术学院,物理,209,499,165000,39,土木类专业,智能生成（基于相似院校推断）,False,False,True,intelligent_estimation
2025,广东,11017,广州番禺职业技术学院,物理,207,510,165000,107,机械类专业,智能生成（基于相似院校推断）,False,False,True,intelligent_estimation
2025,广东,11711,广州番禺职业技术学院,物理,201,508,165000,83,机械类专业,智能生成（基于相似院校推断）,False,False,True,intelligent_estimation
2025,广东,11384,广州番禺职业技术学院,物理,201,536,165000,132,土木类专业,智能生成（基于相似院校推断）,False,False,True,intelligent_estimation
2025,广东,11247,广州番禺职业技术学院,物理,206,520,165000,58,计算机类专业,智能生成（基于相似院校推断）,False,False,True,intelligent_estimation
2025,广东,10595,广州番禺职业技术学院,物理,207,511,165000,112,文学类专业,智能生成（基于相似院校推断）,False,False,True,intelligent_estimation
2025,广东,11175,广州番禺职业技术学院,历史,201,512,165000,93,电子信息类专业,智能生成（基于相似院校推断）,False,False,True,intelligent_estimation
2025,广东,11101,广州番禺职业技术学院,历史,204,526,165000,105,电子信息类专业,智能生成（基于相似院校推断）,False,False,True,intelligent_estimation
2025,广东,10997,广州番禺职业技术学院,历史,209,517,165000,120,机械类专业,智能生成（基于相似院校推断）,False,False,True,intelligent_estimation
2025,广东,11003,广州番禺职业技术学院,历史,201,538,165000,103,经管类专业,智能生成（基于相似院校推断）,False,False,True,intelligent_estimation
2025,广东,11075,华南农业大学,物理,201,567,25000,30,机械类专业,智能生成（基于相似院校推断）,False,False,True,intelligent_estimation
2025,广东,10808,华南农业大学,物理,206,576,25000,116,电子信息类专业,智能生成（基于相似院校推断）,False,False,True,intelligent_estimation
2025,广东,11619,华南农业大学,物理,206,576,25000,92,理学类专业,智能生成（基于相似院校推断）,False,False,True,intelligent_estimation
2025,广东,11215,华南农业大学,物理,206,586,25000,44,机械类专业,智能生成（基于相似院校推断）,False,False,True,intelligent_estimation
2025,广东,10883,华南农业大学,物理,203,553,25000,52,计算机类专业,智能生成（基于相似院校推断）,False,False,True,intelligent_estimation
2025,广东,10877,华南农业大学,物理,205,555,25000,99,计算机类专业,智能生成（基于相似院校推断）,False,False,True,intelligent_estimation
2025,广东,11836,华南农业大学,物理,209,554,25000,102,文学类专业,智能生成（基于相似院校推断）,False,False,True,intelligent_estimation
2025,广东,11167,华南农业大学,物理,209,574,25000,85,文学类专业,智能生成（基于相似院校推断）,False,False,True,intelligent_estimation
2025,广东,10763,华南农业大学,历史,207,550,25000,72,文学类专业,智能生成（基于相似院校推断）,False,False,True,intelligent_estimation
2025,广东,10818,华南农业大学,历史,203,570,25000,42,理学类专业,智能生成（基于相似院校推断）,False,False,True,intelligent_estimation
2025,广东,11588,华南农业大学,历史,201,590,25000,74,理学类专业,智能生成（基于相似院校推断）,False,False,True,intelligent_estimation
2025,广东,11667,华南农业大学,历史,205,571,25000,99,文学类专业,智能生成（基于相似院校推断）,False,False,True,intelligent_estimation
2025,广东,10955,广州医科大学,物理,201,557,30000,65,文学类专业,智能生成（基于相似院校推断）,False,False,True,intelligent_estimation
2025,广东,11173,广州医科大学,物理,202,587,30000,86,机械类专业,智能生成（基于相似院校推断）,False,False,True,intelligent_estimation
2025,广东,10779,广州医科大学,物理,203,576,30000,47,机械类专业,智能生成（基于相似院校推断）,False,False,True,intelligent_estimation
2025,广东,11153,广州医科大学,物理,205,572,30000,37,电子信息类专业,智能生成（基于相似院校推断）,False,False,True,intelligent_estimation
2025,广东,11158,广州医科大学,物理,207,582,30000,33,计算机类专业,智能生成（基于相似院校推断）,False,False,True,intelligent_estimation
2025,广东,10770,广州医科大学,物理,202,590,30000,117,计算机类专业,智能生成（基于相似院校推断）,False,False,True,intelligent_estimation
2025,广东,10664,广州医科大学,物理,201,556,30000,106,土木类专业,智能生成（基于相似院校推断）,False,False,True,intelligent_estimation
2025,广东,11402,广州医科大学,历史,203,566,30000,84,机械类专业,智能生成（基于相似院校推断）,False,False,True,intelligent_estimation
2025,广东,11408,广州医科大学,历史,205,579,30000,89,土木类专业,智能生成（基于相似院校推断）,False,False,True,intelligent_estimation
2025,广东,10610,广州医科大学,历史,202,574,30000,41,机械类专业,智能生成（基于相似院校推断）,False,False,True,intelligent_estimation
2025,广东,10607,广州医科大学,历史,206,585,30000,80,理学类专业,智能生成（基于相似院校推断）,False,False,True,intelligent_estimation
2025,广东,10934,广州医科大学,历史,206,559,30000,75,经管类专业,智能生成（基于相似院校推断）,False,False,True,intelligent_estimation
2025,广东,11730,广州医科大学,历史,201,576,30000,85,经管类专业,智能生成（基于相似院校推断）,False,False,True,intelligent_estimation
2025,广东,11575,广州医科大学,历史,202,555,30000,107,土木类专业,智能生成（基于相似院校推断）,False,False,True,intelligent_estimation
2025,广东,11837,广州医科大学,历史,206,574,30000,49,土木类专业,智能生成（基于相似院校推断）,False,False,True,intelligent_estimation
2025,广东,11412,南方医科大学,物理,204,559,35000,55,计算机类专业,智能生成（基于相似院校推断）,False,False,True,intelligent_estimation
2025,广东,10785,南方医科大学,物理,204,570,35000,40,计算机类专业,智能生成（基于相似院校推断）,False,False,True,intelligent_estimation
2025,广东,10593,南方医科大学,物理,202,550,35000,45,经管类专业,智能生成（基于相似院校推断）,False,False,True,intelligent_estimation
2025,广东,11788,南方医科大学,物理,203,552,35000,111,经管类专业,智能生成（基于相似院校推断）,False,False,True,intelligent_estimation
2025,广东,11089,南方医科大学,历史,201,570,35000,140,机械类专业,智能生成（基于相似院校推断）,False,False,True,intelligent_estimation
2025,广东,11075,南方医科大学,历史,207,555,35000,96,电子信息类专业,智能生成（基于相似院校推断）,False,False,True,intelligent_estimation
2025,广东,11479,南方医科大学,历史,205,587,35000,36,土木类专业,智能生成（基于相似院校推断）,False,False,True,intelligent_estimation
2025,广东,11743,南方医科大学,历史,202,561,35000,91,机械类专业,智能生成（基于相似院校推断）,False,False,True,intelligent_estimation
2025,广东,10777,南方医科大学,历史,203,555,35000,65,经管类专业,智能生成（基于相似院校推断）,False,False,True,intelligent_estimation
2025,广东,10614,南方医科大学,历史,209,562,35000,43,经管类专业,智能生成（基于相似院校推断）,False,False,True,intelligent_estimation
2025,广东,10914,南方医科大学,历史,209,567,35000,65,电子信息类专业,智能生成（基于相似院校推断）,False,False,True,intelligent_estimation
2025,广东,11759,五邑大学,物理,206,551,50000,141,经管类专业,智能生成（基于相似院校推断）,False,False,True,intelligent_estimation
2025,广东,11467,五邑大学,物理,209,545,50000,20,经管类专业,智能生成（基于相似院校推断）,False,False,True,intelligent_estimation
2025,广东,11838,五邑大学,物理,208,542,50000,102,土木类专业,智能生成（基于相似院校推断）,False,False,True,intelligent_estimation
2025,广东,11119,五邑大学,物理,207,555,50000,104,电子信息类专业,智能生成（基于相似院校推断）,False,False,True,intelligent_estimation
2025,广东,11066,五邑大学,历史,203,533,50000,150,电子信息类专业,智能生成（基于相似院校推断）,False,False,True,intelligent_estimation
2025,广东,11352,五邑大学,历史,206,554,50000,117,计算机类专业,智能生成（基于相似院校推断）,False,False,True,intelligent_estimation
2025,广东,10691,五邑大学,历史,205,555,50000,119,文学类专业,智能生成（基于相似院校推断）,False,False,True,intelligent_estimation
2025,广东,11338,惠州学院,物理,207,532,60000,98,经管类专业,智能生成（基于相似院校推断）,False,False,True,intelligent_estimation
2025,广东,10792,惠州学院,物理,206,547,60000,86,文学类专业,智能生成（基于相似院校推断）,False,False,True,intelligent_estimation
2025,广东,10720,惠州学院,物理,203,552,60000,40,经管类专业,智能生成（基于相似院校推断）,False,False,True,intelligent_estimation
2025,广东,11732,惠州学院,物理,203,524,60000,51,理学类专业,智能生成（基于相似院校推断）,False,False,True,intelligent_estimation
2025,广东,10944,惠州学院,物理,206,531,60000,119,理学类专业,智能生成（基于相似院校推断）,False,False,True,intelligent_estimation
2025,广东,10717,惠州学院,物理,206,557,60000,143,经管类专业,智能生成（基于相似院校推断）,False,False,True,intelligent_estimation
2025,广东,10965,惠州学院,物理,203,537,60000,71,理学类专业,智能生成（基于相似院校推断）,False,False,True,intelligent_estimation
2025,广东,11057,惠州学院,历史,206,544,60000,78,电子信息类专业,智能生成（基于相似院校推断）,False,False,True,intelligent_estimation
2025,广东,11216,惠州学院,历史,208,554,60000,78,文学类专业,智能生成（基于相似院校推断）,False,False,True,intelligent_estimation
2025,广东,11722,惠州学院,历史,202,538,60000,108,土木类专业,智能生成（基于相似院校推断）,False,False,True,intelligent_estimation
2025,广东,10952,惠州学院,历史,208,528,60000,104,机械类专业,智能生成（基于相似院校推断）,False,False,True,intelligent_estimation
2025,广东,11330,惠州学院,历史,208,532,60000,112,计算机类专业,智能生成（基于相似院校推断）,False,False,True,intelligent_estimation
2025,广东,11079,惠州学院,历史,205,543,60000,35,电子信息类专业,智能生成（基于相似院校推断）,False,False,True,intelligent_estimation
2025,广东,11200,惠州学院,历史,202,532,60000,91,文学类专业,智能生成（基于相似院校推断）,False,False,True,intelligent_estimation
2025,广东,11414,惠州学院,历史,209,528,60000,150,土木类专业,智能生成（基于相似院校推断）,False,False,True,intelligent_estimation
2025,广东,11391,肇庆学院,物理,203,544,65000,87,土木类专业,智能生成（基于相似院校推断）,False,False,True,intelligent_estimation
2025,广东,11052,肇庆学院,物理,201,538,65000,28,计算机类专业,智能生成（基于相似院校推断）,False,False,True,intelligent_estimation
2025,广东,11447,肇庆学院,物理,207,526,65000,52,文学类专业,智能生成（基于相似院校推断）,False,False,True,intelligent_estimation
2025,广东,11627,肇庆学院,物理,207,546,65000,119,理学类专业,智能生成（基于相似院校推断）,False,False,True,intelligent_estimation
2025,广东,11700,肇庆学院,物理,202,539,65000,44,计算机类专业,智能生成（基于相似院校推断）,False,False,True,intelligent_estimation
2025,广东,11314,肇庆学院,物理,206,557,65000,70,土木类专业,智能生成（基于相似院校推断）,False,False,True,intelligent_estimation
2025,广东,11376,肇庆学院,历史,206,524,65000,96,理学类专业,智能生成（基于相似院校推断）,False,False,True,intelligent_estimation
2025,广东,11761,肇庆学院,历史,204,523,65000,142,文学类专业,智能生成（基于相似院校推断）,False,False,True,intelligent_estimation
2025,广东,11846,肇庆学院,历史,207,551,65000,94,经管类专业,智能生成（基于相似院校推断）,False,False,True,intelligent_estimation
2025,广东,11111,肇庆学院,历史,207,541,65000,150,机械类专业,智能生成（基于相似院校推断）,False,False,True,intelligent_estimation
2025,广东,11156,肇庆学院,历史,205,542,65000,141,电子信息类专业,智能生成（基于相似院校推断）,False,False,True,intelligent_estimation
2025,广东,11359,肇庆学院,历史,203,549,65000,139,理学类专业,智能生成（基于相似院校推断）,False,False,True,intelligent_estimation
2025,广东,11814,广东石油化工学院,物理,208,525,70000,90,文学类专业,智能生成（基于相似院校推断）,False,False,True,intelligent_estimation
2025,广东,11792,广东石油化工学院,物理,203,537,70000,67,理学类专业,智能生成（基于相似院校推断）,False,False,True,intelligent_estimation
2025,广东,11381,广东石油化工学院,物理,209,520,70000,141,电子信息类专业,智能生成（基于相似院校推断）,False,False,True,intelligent_estimation
2025,广东,10900,广东石油化工学院,历史,201,547,70000,148,土木类专业,智能生成（基于相似院校推断）,False,False,True,intelligent_estimation
2025,广东,11354,广东石油化工学院,历史,202,520,70000,108,计算机类专业,智能生成（基于相似院校推断）,False,False,True,intelligent_estimation
2025,广东,11212,广东石油化工学院,历史,209,533,70000,29,理学类专业,智能生成（基于相似院校推断）,False,False,True,intelligent_estimation
2025,广东,11491,韩山师范学院,物理,201,543,75000,123,文学类专业,智能生成（基于相似院校推断）,False,False,True,intelligent_estimation
2025,广东,11485,韩山师范学院,物理,209,536,75000,27,土木类专业,智能生成（基于相似院校推断）,False,False,True,intelligent_estimation
2025,广东,11454,韩山师范学院,物理,205,538,75000,137,电子信息类专业,智能生成（基于相似院校推断）,False,False,True,intelligent_estimation
2025,广东,11778,韩山师范学院,物理,207,560,75000,140,经管类专业,智能生成（基于相似院校推断）,False,False,True,intelligent_estimation
2025,广东,11614,韩山师范学院,物理,207,545,75000,80,理学类专业,智能生成（基于相似院校推断）,False,False,True,intelligent_estimation
2025,广东,11149,韩山师范学院,物理,207,558,75000,29,电子信息类专业,智能生成（基于相似院校推断）,False,False,True,intelligent_estimation
2025,广东,11606,韩山师范学院,物理,206,539,75000,103,土木类专业,智能生成（基于相似院校推断）,False,False,True,intelligent_estimation
2025,广东,11739,韩山师范学院,历史,205,560,75000,21,土木类专业,智能生成（基于相似院校推断）,False,False,True,intelligent_estimation
2025,广东,11044,韩山师范学院,历史,201,544,75000,108,电子信息类专业,智能生成（基于相似院校推断）,False,False,True,intelligent_estimation
2025,广东,11346,韩山师范学院,历史,203,549,75000,117,文学类专业,智能生成（基于相似院校推断）,False,False,True,intelligent_estimation
2025,广东,11761,韩山师范学院,历史,207,557,75000,115,电子信息类专业,智能生成（基于相似院校推断）,False,False,True,intelligent_estimation
2025,广东,11464,韩山师范学院,历史,209,552,75000,106,文学类专业,智能生成（基于相似院校推断）,False,False,True,intelligent_estimation
2025,广东,11432,韩山师范学院,历史,206,544,75000,102,理学类专业,智能生成（基于相似院校推断）,False,False,True,intelligent_estimation
2025,广东,11147,韩山师范学院,历史,207,538,75000,75,计算机类专业,智能生成（基于相似院校推断）,False,False,True,intelligent_estimation
2025,广东,11653,韩山师范学院,历史,204,555,75000,35,经管类专业,智能生成（基于相似院校推断）,False,False,True,intelligent_estimation
2025,广东,10753,岭南师范学院,物理,207,539,80000,109,机械类专业,智能生成（基于相似院校推断）,False,False,True,intelligent_estimation
2025,广东,11133,岭南师范学院,物理,203,542,80000,41,经管类专业,智能生成（基于相似院校推断）,False,False,True,intelligent_estimation
2025,广东,11276,岭南师范学院,物理,207,533,80000,110,计算机类专业,智能生成（基于相似院校推断）,False,False,True,intelligent_estimation
2025,广东,11286,岭南师范学院,物理,208,531,80000,137,计算机类专业,智能生成（基于相似院校推断）,False,False,True,intelligent_estimation
2025,广东,11465,岭南师范学院,物理,206,544,80000,33,经管类专业,智能生成（基于相似院校推断）,False,False,True,intelligent_estimation
2025,广东,10741,岭南师范学院,物理,202,525,80000,84,电子信息类专业,智能生成（基于相似院校推断）,False,False,True,intelligent_estimation
2025,广东,11220,岭南师范学院,物理,205,559,80000,63,理学类专业,智能生成（基于相似院校推断）,False,False,True,intelligent_estimation
2025,广东,10735,岭南师范学院,物理,208,539,80000,73,文学类专业,智能生成（基于相似院校推断）,False,False,True,intelligent_estimation
2025,广东,11274,岭南师范学院,历史,205,546,80000,83,计算机类专业,智能生成（基于相似院校推断）,False,False,True,intelligent_estimation
2025,广东,10736,岭南师范学院,历史,206,530,80000,146,计算机类专业,智能生成（基于相似院校推断）,False,False,True,intelligent_estimation
2025,广东,11288,岭南师范学院,历史,202,535,80000,51,电子信息类专业,智能生成（基于相似院校推断）,False,False,True,intelligent_estimation
2025,广东,11142,岭南师范学院,历史,206,539,80000,140,经管类专业,智能生成（基于相似院校推断）,False,False,True,intelligent_estimation
2025,广东,10946,岭南师范学院,历史,209,551,80000,38,理学类专业,智能生成（基于相似院校推断）,False,False,True,intelligent_estimation
2025,广东,11823,岭南师范学院,历史,203,544,80000,71,理学类专业,智能生成（基于相似院校推断）,False,False,True,intelligent_estimation
2025,广东,11380,岭南师范学院,历史,204,557,80000,130,机械类专业,智能生成（基于相似院校推断）,False,False,True,intelligent_estimation
2025,广东,11075,广东第二师范学院,物理,202,523,70000,95,土木类专业,智能生成（基于相似院校推断）,False,False,True,intelligent_estimation
2025,广东,11519,广东第二师范学院,物理,206,524,70000,123,文学类专业,智能生成（基于相似院校推断）,False,False,True,intelligent_estimation
2025,广东,11517,广东第二师范学院,物理,204,546,70000,26,计算机类专业,智能生成（基于相似院校推断）,False,False,True,intelligent_estimation
2025,广东,11420,广东第二师范学院,物理,204,541,70000,34,电子信息类专业,智能生成（基于相似院校推断）,False,False,True,intelligent_estimation
2025,广东,10768,广东第二师范学院,历史,205,542,70000,61,经管类专业,智能生成（基于相似院校推断）,False,False,True,intelligent_estimation
2025,广东,10944,广东第二师范学院,历史,209,554,70000,71,计算机类专业,智能生成（基于相似院校推断）,False,False,True,intelligent_estimation
2025,广东,11477,广东第二师范学院,历史,204,543,70000,105,理学类专业,智能生成（基于相似院校推断）,False,False,True,intelligent_estimation
2025,广东,11561,广州华商学院,物理,202,492,100000,59,理学类专业,智能生成（基于相似院校推断）,False,False,True,intelligent_estimation
2025,广东,11047,广州华商学院,物理,206,490,100000,145,机械类专业,智能生成（基于相似院校推断）,False,False,True,intelligent_estimation
2025,广东,10625,广州华商学院,物理,201,498,100000,74,土木类专业,智能生成（基于相似院校推断）,False,False,True,intelligent_estimation
2025,广东,11087,广州华商学院,物理,207,505,100000,34,经管类专业,智能生成（基于相似院校推断）,False,False,True,intelligent_estimation
2025,广东,11411,广州华商学院,物理,202,504,100000,144,机械类专业,智能生成（基于相似院校推断）,False,False,True,intelligent_estimation
2025,广东,11822,广州华商学院,历史,202,535,100000,95,土木类专业,智能生成（基于相似院校推断）,False,False,True,intelligent_estimation
2025,广东,10811,广州华商学院,历史,208,515,100000,95,电子信息类专业,智能生成（基于相似院校推断）,False,False,True,intelligent_estimation
2025,广东,10864,广州华商学院,历史,206,521,100000,60,土木类专业,智能生成（基于相似院校推断）,False,False,True,intelligent_estimation
2025,广东,11789,广州华商学院,历史,209,530,100000,69,文学类专业,智能生成（基于相似院校推断）,False,False,True,intelligent_estimation
2025,广东,10672,广州华商学院,历史,205,512,100000,128,电子信息类专业,智能生成（基于相似院校推断）,False,False,True,intelligent_estimation
2025,广东,11175,广州华商学院,历史,201,499,100000,119,理学类专业,智能生成（基于相似院校推断）,False,False,True,intelligent_estimation
2025,广东,11070,广州华商学院,历史,206,512,100000,127,电子信息类专业,智能生成（基于相似院校推断）,False,False,True,intelligent_estimation
2025,广东,11087,广州华商学院,历史,208,497,100000,72,文学类专业,智能生成（基于相似院校推断）,False,False,True,intelligent_estimation
2025,广东,10657,广东白云学院,物理,207,509,105000,135,土木类专业,智能生成（基于相似院校推断）,False,False,True,intelligent_estimation
2025,广东,10760,广东白云学院,物理,203,513,105000,99,计算机类专业,智能生成（基于相似院校推断）,False,False,True,intelligent_estimation
2025,广东,10759,广东白云学院,物理,206,532,105000,142,理学类专业,智能生成（基于相似院校推断）,False,False,True,intelligent_estimation
2025,广东,11112,广东白云学院,物理,209,512,105000,105,电子信息类专业,智能生成（基于相似院校推断）,False,False,True,intelligent_estimation
2025,广东,11643,广东白云学院,物理,203,500,105000,87,文学类专业,智能生成（基于相似院校推断）,False,False,True,intelligent_estimation
2025,广东,11411,广东白云学院,物理,206,510,105000,98,机械类专业,智能生成（基于相似院校推断）,False,False,True,intelligent_estimation
2025,广东,11158,广东白云学院,历史,204,508,105000,113,计算机类专业,智能生成（基于相似院校推断）,False,False,True,intelligent_estimation
2025,广东,11719,广东白云学院,历史,207,511,105000,100,经管类专业,智能生成（基于相似院校推断）,False,False,True,intelligent_estimation
2025,广东,11586,广东白云学院,历史,206,539,105000,122,土木类专业,智能生成（基于相似院校推断）,False,False,True,intelligent_estimation
2025,广东,11766,广东理工学院,物理,201,531,110000,85,土木类专业,智能生成（基于相似院校推断）,False,False,True,intelligent_estimation
2025,广东,11191,广东理工学院,物理,209,520,110000,76,文学类专业,智能生成（基于相似院校推断）,False,False,True,intelligent_estimation
2025,广东,11759,广东理工学院,物理,207,513,110000,69,计算机类专业,智能生成（基于相似院校推断）,False,False,True,intelligent_estimation
2025,广东,11732,广东理工学院,物理,202,537,110000,42,经管类专业,智能生成（基于相似院校推断）,False,False,True,intelligent_estimation
2025,广东,11845,广东理工学院,物理,202,527,110000,96,文学类专业,智能生成（基于相似院校推断）,False,False,True,intelligent_estimation
2025,广东,11202,广东理工学院,物理,203,500,110000,76,文学类专业,智能生成（基于相似院校推断）,False,False,True,intelligent_estimation
2025,广东,11610,广东理工学院,物理,205,513,110000,88,计算机类专业,智能生成（基于相似院校推断）,False,False,True,intelligent_estimation
2025,广东,10942,广东理工学院,物理,205,507,110000,115,文学类专业,智能生成（基于相似院校推断）,False,False,True,intelligent_estimation
2025,广东,11127,广东理工学院,历史,209,525,110000,45,文学类专业,智能生成（基于相似院校推断）,False,False,True,intelligent_estimation
2025,广东,11265,广东理工学院,历史,206,538,110000,133,理学类专业,智能生成（基于相似院校推断）,False,False,True,intelligent_estimation
2025,广东,11797,广东理工学院,历史,201,508,110000,35,理学类专业,智能生成（基于相似院校推断）,False,False,True,intelligent_estimation
2025,广东,10664,广东理工学院,历史,201,528,110000,20,经管类专业,智能生成（基于相似院校推断）,False,False,True,intelligent_estimation
2025,广东,10867,广东理工学院,历史,208,530,110000,94,计算机类专业,智能生成（基于相似院校推断）,False,False,True,intelligent_estimation
2025,广东,11012,广州理工学院,物理,207,533,100000,120,经管类专业,智能生成（基于相似院校推断）,False,False,True,intelligent_estimation
2025,广东,11104,广州理工学院,物理,202,537,100000,70,土木类专业,智能生成（基于相似院校推断）,False,False,True,intelligent_estimation
2025,广东,11547,广州理工学院,物理,209,538,100000,76,计算机类专业,智能生成（基于相似院校推断）,False,False,True,intelligent_estimation
2025,广东,10821,广州理工学院,物理,205,518,100000,40,理学类专业,智能生成（基于相似院校推断）,False,False,True,intelligent_estimation
2025,广东,11759,广州理工学院,物理,207,506,100000,65,文学类专业,智能生成（基于相似院校推断）,False,False,True,intelligent_estimation
2025,广东,11321,广州理工学院,历史,204,536,100000,112,计算机类专业,智能生成（基于相似院校推断）,False,False,True,intelligent_estimation
2025,广东,10909,广州理工学院,历史,209,513,100000,140,经管类专业,智能生成（基于相似院校推断）,False,False,True,intelligent_estimation
2025,广东,11043,广州理工学院,历史,206,500,100000,106,土木类专业,智能生成（基于相似院校推断）,False,False,True,intelligent_estimation
2025,广东,11343,广州理工学院,历史,207,535,100000,103,土木类专业,智能生成（基于相似院校推断）,False,False,True,intelligent_estimation
2025,广东,11175,东莞城市学院,物理,209,498,105000,137,电子信息类专业,智能生成（基于相似院校推断）,False,False,True,intelligent_estimation
2025,广东,11825,东莞城市学院,物理,207,505,105000,149,经管类专业,智能生成（基于相似院校推断）,False,False,True,intelligent_estimation
2025,广东,10767,东莞城市学院,物理,204,518,105000,26,电子信息类专业,智能生成（基于相似院校推断）,False,False,True,intelligent_estimation
2025,广东,10852,东莞城市学院,物理,206,540,105000,137,土木类专业,智能生成（基于相似院校推断）,False,False,True,intelligent_estimation
2025,广东,11544,东莞城市学院,物理,201,531,105000,119,土木类专业,智能生成（基于相似院校推断）,False,False,True,intelligent_estimation
2025,广东,11367,东莞城市学院,物理,209,519,105000,50,土木类专业,智能生成（基于相似院校推断）,False,False,True,intelligent_estimation
2025,广东,10742,东莞城市学院,物理,202,513,105000,93,电子信息类专业,智能生成（基于相似院校推断）,False,False,True,intelligent_estimation
2025,广东,10985,东莞城市学院,物理,206,531,105000,130,电子信息类专业,智能生成（基于相似院校推断）,False,False,True,intelligent_estimation
2025,广东,11667,东莞城市学院,历史,205,512,105000,114,理学类专业,智能生成（基于相似院校推断）,False,False,True,intelligent_estimation
2025,广东,11476,东莞城市学院,历史,206,492,105000,144,机械类专业,智能生成（基于相似院校推断）,False,False,True,intelligent_estimation
2025,广东,10742,东莞城市学院,历史,202,535,105000,47,土木类专业,智能生成（基于相似院校推断）,False,False,True,intelligent_estimation
2025,广东,10765,东莞城市学院,历史,205,510,105000,90,经管类专业,智能生成（基于相似院校推断）,False,False,True,intelligent_estimation
2025,广东,11308,东莞城市学院,历史,201,519,105000,71,经管类专业,智能生成（基于相似院校推断）,False,False,True,intelligent_estimation
2025,广东,10760,东莞城市学院,历史,204,498,105000,67,计算机类专业,智能生成（基于相似院校推断）,False,False,True,intelligent_estimation
2025,广东,10923,东莞城市学院,历史,201,524,105000,106,计算机类专业,智能生成（基于相似院校推断）,False,False,True,intelligent_estimation
2025,广东,11532,广州新华学院,物理,201,514,110000,114,理学类专业,智能生成（基于相似院校推断）,False,False,True,intelligent_estimation
2025,广东,11616,广州新华学院,物理,204,513,110000,106,机械类专业,智能生成（基于相似院校推断）,False,False,True,intelligent_estimation
2025,广东,11090,广州新华学院,物理,209,500,110000,40,电子信息类专业,智能生成（基于相似院校推断）,False,False,True,intelligent_estimation
2025,广东,11791,广州新华学院,物理,205,525,110000,123,经管类专业,智能生成（基于相似院校推断）,False,False,True,intelligent_estimation
2025,广东,11543,广州新华学院,物理,207,508,110000,49,机械类专业,智能生成（基于相似院校推断）,False,False,True,intelligent_estimation
2025,广东,11174,广州新华学院,历史,205,508,110000,96,土木类专业,智能生成（基于相似院校推断）,False,False,True,intelligent_estimation
2025,广东,10808,广州新华学院,历史,208,537,110000,22,电子信息类专业,智能生成（基于相似院校推断）,False,False,True,intelligent_estimation
2025,广东,11654,广州新华学院,历史,208,521,110000,108,经管类专业,智能生成（基于相似院校推断）,False,False,True,intelligent_estimation
2025,广东,11534,广州新华学院,历史,208,511,110000,86,文学类专业,智能生成（基于相似院校推断）,False,False,True,intelligent_estimation
2025,广东,11749,广东科技学院,物理,205,491,115000,79,电子信息类专业,智能生成（基于相似院校推断）,False,False,True,intelligent_estimation
2025,广东,11333,广东科技学院,物理,202,526,115000,107,文学类专业,智能生成（基于相似院校推断）,False,False,True,intelligent_estimation
2025,广东,11418,广东科技学院,物理,206,523,115000,98,文学类专业,智能生成（基于相似院校推断）,False,False,True,intelligent_estimation
2025,广东,11278,广东科技学院,物理,201,526,115000,23,计算机类专业,智能生成（基于相似院校推断）,False,False,True,intelligent_estimation
2025,广东,11331,广东科技学院,历史,205,515,115000,65,经管类专业,智能生成（基于相似院校推断）,False,False,True,intelligent_estimation
2025,广东,11234,广东科技学院,历史,203,515,115000,29,电子信息类专业,智能生成（基于相似院校推断）,False,False,True,intelligent_estimation
2025,广东,11818,广东科技学院,历史,201,500,115000,125,经管类专业,智能生成（基于相似院校推断）,False,False,True,intelligent_estimation
2025,广东,11293,广东科技学院,历史,202,495,115000,134,文学类专业,智能生成（基于相似院校推断）,False,False,True,intelligent_estimation
2025,广东,11626,广东科技学院,历史,207,526,115000,43,理学类专业,智能生成（基于相似院校推断）,False,False,True,intelligent_estimation
2025,广东,11623,广东科技学院,历史,209,523,115000,101,理学类专业,智能生成（基于相似院校推断）,False,False,True,intelligent_estimation
2025,广东,11351,广东科技学院,历史,203,528,115000,87,经管类专业,智能生成（基于相似院校推断）,False,False,True,intelligent_estimation
2025,广东,11608,广州软件学院,物理,203,501,120000,91,计算机类专业,智能生成（基于相似院校推断）,False,False,True,intelligent_estimation
2025,广东,11415,广州软件学院,物理,201,503,120000,99,理学类专业,智能生成（基于相似院校推断）,False,False,True,intelligent_estimation
2025,广东,10946,广州软件学院,物理,209,510,120000,22,土木类专业,智能生成（基于相似院校推断）,False,False,True,intelligent_estimation
2025,广东,10660,广州软件学院,物理,202,522,120000,142,文学类专业,智能生成（基于相似院校推断）,False,False,True,intelligent_estimation
2025,广东,10700,广州软件学院,历史,202,491,120000,104,电子信息类专业,智能生成（基于相似院校推断）,False,False,True,intelligent_estimation
2025,广东,10818,广州软件学院,历史,204,521,120000,59,理学类专业,智能生成（基于相似院校推断）,False,False,True,intelligent_estimation
2025,广东,11210,广州软件学院,历史,202,533,120000,136,计算机类专业,智能生成（基于相似院校推断）,False,False,True,intelligent_estimation
2025,广东,11243,广州软件学院,历史,201,499,120000,106,经管类专业,智能生成（基于相似院校推断）,False,False,True,intelligent_estimation
2025,广东,11203,广州软件学院,历史,207,539,120000,28,土木类专业,智能生成（基于相似院校推断）,False,False,True,intelligent_estimation
2025,广东,10953,广州软件学院,历史,202,532,120000,21,经管类专业,智能生成（基于相似院校推断）,False,False,True,intelligent_estimation
2025,广东,11341,广州软件学院,历史,203,532,120000,97,机械类专业,智能生成（基于相似院校推断）,False,False,True,intelligent_estimation
2025,广东,11721,广州工商学院,物理,207,517,125000,35,理学类专业,智能生成（基于相似院校推断）,False,False,True,intelligent_estimation
2025,广东,10754,广州工商学院,物理,208,535,125000,56,文学类专业,智能生成（基于相似院校推断）,False,False,True,intelligent_estimation
2025,广东,11083,广州工商学院,物理,205,491,125000,127,计算机类专业,智能生成（基于相似院校推断）,False,False,True,intelligent_estimation
2025,广东,11051,广州工商学院,物理,207,505,125000,109,经管类专业,智能生成（基于相似院校推断）,False,False,True,intelligent_estimation
2025,广东,11848,广州工商学院,物理,207,513,125000,27,机械类专业,智能生成（基于相似院校推断）,False,False,True,intelligent_estimation
2025,广东,11350,广州工商学院,物理,206,511,125000,52,文学类专业,智能生成（基于相似院校推断）,False,False,True,intelligent_estimation
2025,广东,11350,广州工商学院,物理,204,529,125000,29,电子信息类专业,智能生成（基于相似院校推断）,False,False,True,intelligent_estimation
2025,广东,11081,广州工商学院,历史,203,516,125000,142,理学类专业,智能生成（基于相似院校推断）,False,False,True,intelligent_estimation
2025,广东,11389,广州工商学院,历史,201,520,125000,43,机械类专业,智能生成（基于相似院校推断）,False,False,True,intelligent_estimation
2025,广东,10637,广州工商学院,历史,203,497,125000,39,计算机类专业,智能生成（基于相似院校推断）,False,False,True,intelligent_estimation
2025,广东,10871,广州工商学院,历史,208,526,125000,44,理学类专业,智能生成（基于相似院校推断）,False,False,True,intelligent_estimation
2025,广东,11715,广州工商学院,历史,207,496,125000,75,土木类专业,智能生成（基于相似院校推断）,False,False,True,intelligent_estimation
2025,广东,11325,广东东软学院,物理,201,527,120000,148,电子信息类专业,智能生成（基于相似院校推断）,False,False,True,intelligent_estimation
2025,广东,11195,广东东软学院,物理,203,508,120000,26,机械类专业,智能生成（基于相似院校推断）,False,False,True,intelligent_estimation
2025,广东,11529,广东东软学院,物理,208,512,120000,89,机械类专业,智能生成（基于相似院校推断）,False,False,True,intelligent_estimation
2025,广东,11339,广东东软学院,物理,206,523,120000,97,计算机类专业,智能生成（基于相似院校推断）,False,False,True,intelligent_estimation
2025,广东,11428,广东东软学院,物理,201,533,120000,114,机械类专业,智能生成（基于相似院校推断）,False,False,True,intelligent_estimation
2025,广东,11169,广东东软学院,物理,201,493,120000,126,电子信息类专业,智能生成（基于相似院校推断）,False,False,True,intelligent_estimation
2025,广东,11652,广东东软学院,历史,206,492,120000,92,机械类专业,智能生成（基于相似院校推断）,False,False,True,intelligent_estimation
2025,广东,10597,广东东软学院,历史,203,524,120000,149,文学类专业,智能生成（基于相似院校推断）,False,False,True,intelligent_estimation
2025,广东,11688,广东东软学院,历史,201,524,120000,54,经管类专业,智能生成（基于相似院校推断）,False,False,True,intelligent_estimation
2025,广东,11008,广东东软学院,历史,205,498,120000,139,计算机类专业,智能生成（基于相似院校推断）,False,False,True,intelligent_estimation
2025,广东,10827,广东东软学院,历史,204,531,120000,41,计算机类专业,智能生成（基于相似院校推断）,False,False,True,intelligent_estimation
2025,广东,11768,广东东软学院,历史,203,506,120000,150,理学类专业,智能生成（基于相似院校推断）,False,False,True,intelligent_estimation
2025,广东,11527,广东东软学院,历史,209,524,120000,65,土木类专业,智能生成（基于相似院校推断）,False,False,True,intelligent_estimation
2025,广东,10773,广东东软学院,历史,208,497,120000,99,经管类专业,智能生成（基于相似院校推断）,False,False,True,intelligent_estimation
2025,广东,11664,广州商学院,物理,209,536,125000,26,文学类专业,智能生成（基于相似院校推断）,False,False,True,intelligent_estimation
2025,广东,11623,广州商学院,物理,206,510,125000,22,电子信息类专业,智能生成（基于相似院校推断）,False,False,True,intelligent_estimation
2025,广东,11046,广州商学院,物理,201,538,125000,74,电子信息类专业,智能生成（基于相似院校推断）,False,False,True,intelligent_estimation
2025,广东,11281,广州商学院,物理,202,508,125000,48,机械类专业,智能生成（基于相似院校推断）,False,False,True,intelligent_estimation
2025,广东,11447,广州商学院,历史,205,536,125000,108,理学类专业,智能生成（基于相似院校推断）,False,False,True,intelligent_estimation
2025,广东,11518,广州商学院,历史,201,524,125000,95,电子信息类专业,智能生成（基于相似院校推断）,False,False,True,intelligent_estimation
2025,广东,11803,广州商学院,历史,204,533,125000,54,机械类专业,智能生成（基于相似院校推断）,False,False,True,intelligent_estimation
2025,广东,10862,广州商学院,历史,207,520,125000,52,电子信息类专业,智能生成（基于相似院校推断）,False,False,True,intelligent_estimation
2025,广东,10836,深圳信息职业技术大学,物理,203,501,150000,48,计算机类专业,智能生成（基于相似院校推断）,False,False,True,intelligent_estimation
2025,广东,11383,深圳信息职业技术大学,物理,206,520,150000,82,计算机类专业,智能生成（基于相似院校推断）,False,False,True,intelligent_estimation
2025,广东,11322,深圳信息职业技术大学,物理,205,518,150000,25,机械类专业,智能生成（基于相似院校推断）,False,False,True,intelligent_estimation
2025,广东,10614,深圳信息职业技术大学,物理,204,508,150000,150,土木类专业,智能生成（基于相似院校推断）,False,False,True,intelligent_estimation
2025,广东,11487,深圳信息职业技术大学,物理,203,506,150000,117,土木类专业,智能生成（基于相似院校推断）,False,False,True,intelligent_estimation
2025,广东,10884,深圳信息职业技术大学,物理,206,512,150000,37,文学类专业,智能生成（基于相似院校推断）,False,False,True,intelligent_estimation
2025,广东,11300,深圳信息职业技术大学,物理,202,536,150000,127,计算机类专业,智能生成（基于相似院校推断）,False,False,True,intelligent_estimation
2025,广东,11023,深圳信息职业技术大学,物理,205,525,150000,108,文学类专业,智能生成（基于相似院校推断）,False,False,True,intelligent_estimation
2025,广东,11477,深圳信息职业技术大学,历史,202,522,150000,92,理学类专业,智能生成（基于相似院校推断）,False,False,True,intelligent_estimation
2025,广东,10645,深圳信息职业技术大学,历史,205,529,150000,73,经管类专业,智能生成（基于相似院校推断）,False,False,True,intelligent_estimation
2025,广东,10703,深圳信息职业技术大学,历史,205,493,150000,48,计算机类专业,智能生成（基于相似院校推断）,False,False,True,intelligent_estimation
2025,广东,11336,深圳信息职业技术大学,历史,209,520,150000,109,电子信息类专业,智能生成（基于相似院校推断）,False,False,True,intelligent_estimation
2025,广东,11079,深圳信息职业技术大学,历史,209,509,150000,56,土木类专业,智能生成（基于相似院校推断）,False,False,True,intelligent_estimation
2025,广东,11250,深圳信息职业技术大学,历史,208,500,150000,64,电子信息类专业,智能生成（基于相似院校推断）,False,False,True,intelligent_estimation
2025,广东,11134,广东机电职业技术学院,物理,206,507,180000,70,电子信息类专业,智能生成（基于相似院校推断）,False,False,True,intelligent_estimation
2025,广东,11500,广东机电职业技术学院,物理,205,496,180000,97,电子信息类专业,智能生成（基于相似院校推断）,False,False,True,intelligent_estimation
2025,广东,10942,广东机电职业技术学院,物理,207,499,180000,140,理学类专业,智能生成（基于相似院校推断）,False,False,True,intelligent_estimation
2025,广东,11277,广东机电职业技术学院,物理,202,516,180000,140,机械类专业,智能生成（基于相似院校推断）,False,False,True,intelligent_estimation
2025,广东,11291,广东机电职业技术学院,历史,201,512,180000,47,文学类专业,智能生成（基于相似院校推断）,False,False,True,intelligent_estimation
2025,广东,10684,广东机电职业技术学院,历史,203,514,180000,132,理学类专业,智能生成（基于相似院校推断）,False,False,True,intelligent_estimation
2025,广东,10784,广东机电职业技术学院,历史,205,517,180000,96,电子信息类专业,智能生成（基于相似院校推断）,False,False,True,intelligent_estimation
2025,广东,11529,广东机电职业技术学院,历史,207,497,180000,133,机械类专业,智能生成（基于相似院校推断）,False,False,True,intelligent_estimation
2025,广东,10784,广东交通职业技术学院,物理,201,503,190000,147,理学类专业,智能生成（基于相似院校推断）,False,False,True,intelligent_estimation
2025,广东,11134,广东交通职业技术学院,物理,206,497,190000,143,电子信息类专业,智能生成（基于相似院校推断）,False,False,True,intelligent_estimation
2025,广东,10700,广东交通职业技术学院,物理,205,503,190000,30,经管类专业,智能生成（基于相似院校推断）,False,False,True,intelligent_estimation
2025,广东,11181,广东交通职业技术学院,物理,205,511,190000,115,计算机类专业,智能生成（基于相似院校推断）,False,False,True,intelligent_estimation
2025,广东,11626,广东交通职业技术学院,历史,202,499,190000,112,理学类专业,智能生成（基于相似院校推断）,False,False,True,intelligent_estimation
2025,广东,11087,广东交通职业技术学院,历史,204,514,190000,141,机械类专业,智能生成（基于相似院校推断）,False,False,True,intelligent_estimation
2025,广东,11058,广东交通职业技术学院,历史,209,523,190000,100,理学类专业,智能生成（基于相似院校推断）,False,False,True,intelligent_estimation
2025,广东,11700,广东交通职业技术学院,历史,202,531,190000,26,电子信息类专业,智能生成（基于相似院校推断）,False,False,True,intelligent_estimation
2025,广东,10623,广东工贸职业技术学院,物理,202,533,185000,113,机械类专业,智能生成（基于相似院校推断）,False,False,True,intelligent_estimation
2025,广东,11257,广东工贸职业技术学院,物理,205,525,185000,104,土木类专业,智能生成（基于相似院校推断）,False,False,True,intelligent_estimation
2025,广东,11697,广东工贸职业技术学院,物理,207,516,185000,52,文学类专业,智能生成（基于相似院校推断）,False,False,True,intelligent_estimation
2025,广东,11681,广东工贸职业技术学院,物理,201,490,185000,123,土木类专业,智能生成（基于相似院校推断）,False,False,True,intelligent_estimation
2025,广东,10603,广东工贸职业技术学院,物理,202,502,185000,149,机械类专业,智能生成（基于相似院校推断）,False,False,True,intelligent_estimation
2025,广东,10832,广东工贸职业技术学院,物理,204,497,185000,49,计算机类专业,智能生成（基于相似院校推断）,False,False,True,intelligent_estimation
2025,广东,11100,广东工贸职业技术学院,物理,206,516,185000,66,土木类专业,智能生成（基于相似院校推断）,False,False,True,intelligent_estimation
2025,广东,11434,广东工贸职业技术学院,历史,206,498,185000,32,电子信息类专业,智能生成（基于相似院校推断）,False,False,True,intelligent_estimation
2025,广东,10918,广东工贸职业技术学院,历史,206,535,185000,57,土木类专业,智能生成（基于相似院校推断）,False,False,True,intelligent_estimation
2025,广东,10938,广东工贸职业技术学院,历史,201,515,185000,54,土木类专业,智能生成（基于相似院校推断）,False,False,True,intelligent_estimation
2025,广东,10591,广东水利电力职业技术学院,物理,202,482,200000,145,经管类专业,智能生成（基于相似院校推断）,False,False,True,intelligent_estimation
2025,广东,11130,广东水利电力职业技术学院,物理,209,456,200000,84,经管类专业,智能生成（基于相似院校推断）,False,False,True,intelligent_estimation
2025,广东,10680,广东水利电力职业技术学院,物理,203,465,200000,145,计算机类专业,智能生成（基于相似院校推断）,False,False,True,intelligent_estimation
2025,广东,11022,广东水利电力职业技术学院,历史,201,506,200000,74,机械类专业,智能生成（基于相似院校推断）,False,False,True,intelligent_estimation
2025,广东,11653,广东水利电力职业技术学院,历史,201,508,200000,85,电子信息类专业,智能生成（基于相似院校推断）,False,False,True,intelligent_estimation
2025,广东,10747,广东水利电力职业技术学院,历史,208,457,200000,57,电子信息类专业,智能生成（基于相似院校推断）,False,False,True,intelligent_estimation
2025,广东,11245,广东科学技术职业学院,物理,207,535,195000,135,机械类专业,智能生成（基于相似院校推断）,False,False,True,intelligent_estimation
2025,广东,11028,广东科学技术职业学院,物理,201,504,195000,20,电子信息类专业,智能生成（基于相似院校推断）,False,False,True,intelligent_estimation
2025,广东,11799,广东科学技术职业学院,物理,205,503,195000,136,经管类专业,智能生成（基于相似院校推断）,False,False,True,intelligent_estimation
2025,广东,10936,广东科学技术职业学院,物理,206,529,195000,131,经管类专业,智能生成（基于相似院校推断）,False,False,True,intelligent_estimation
2025,广东,11287,广东科学技术职业学院,历史,206,491,195000,77,电子信息类专业,智能生成（基于相似院校推断）,False,False,True,intelligent_estimation
2025,广东,10850,广东科学技术职业学院,历史,207,518,195000,88,经管类专业,智能生成（基于相似院校推断）,False,False,True,intelligent_estimation
2025,广东,11353,广东科学技术职业学院,历史,207,507,195000,131,土木类专业,智能生成（基于相似院校推断）,False,False,True,intelligent_estimation
2025,广东,11357,广东科学技术职业学院,历史,205,523,195000,27,文学类专业,智能生成（基于相似院校推断）,False,False,True,intelligent_estimation
2025,广东,10607,广东科学技术职业学院,历史,208,530,195000,27,理学类专业,智能生成（基于相似院校推断）,False,False,True,intelligent_estimation
2025,广东,11478,广东科学技术职业学院,历史,209,501,195000,100,电子信息类专业,智能生成（基于相似院校推断）,False,False,True,intelligent_estimation
2025,广东,11203,广东科学技术职业学院,历史,205,534,195000,109,计算机类专业,智能生成（基于相似院校推断）,False,False,True,intelligent_estimation
2025,广东,11350,广东职业技术学院,物理,203,497,210000,28,计算机类专业,智能生成（基于相似院校推断）,False,False,True,intelligent_estimation
2025,广东,11137,广东职业技术学院,物理,203,468,210000,87,土木类专业,智能生成（基于相似院校推断）,False,False,True,intelligent_estimation
2025,广东,11066,广东职业技术学院,物理,205,472,210000,85,文学类专业,智能生成（基于相似院校推断）,False,False,True,intelligent_estimation
2025,广东,11646,广东职业技术学院,物理,207,477,210000,117,经管类专业,智能生成（基于相似院校推断）,False,False,True,intelligent_estimation
2025,广东,10825,广东职业技术学院,物理,203,471,210000,42,文学类专业,智能生成（基于相似院校推断）,False,False,True,intelligent_estimation
2025,广东,11142,广东职业技术学院,历史,205,495,210000,77,文学类专业,智能生成（基于相似院校推断）,False,False,True,intelligent_estimation
2025,广东,10933,广东职业技术学院,历史,209,485,210000,25,经管类专业,智能生成（基于相似院校推断）,False,False,True,intelligent_estimation
2025,广东,11669,广东职业技术学院,历史,207,479,210000,95,土木类专业,智能生成（基于相似院校推断）,False,False,True,intelligent_estimation
2025,广东,10860,广东职业技术学院,历史,209,485,210000,84,机械类专业,智能生成（基于相似院校推断）,False,False,True,intelligent_estimation
2025,广东,11096,广东职业技术学院,历史,203,497,210000,91,机械类专业,智能生成（基于相似院校推断）,False,False,True,intelligent_estimation
2025,广东,11581,广东邮电职业技术学院,物理,205,526,175000,20,电子信息类专业,智能生成（基于相似院校推断）,False,False,True,intelligent_estimation
2025,广东,11687,广东邮电职业技术学院,物理,204,518,175000,84,机械类专业,智能生成（基于相似院校推断）,False,False,True,intelligent_estimation
2025,广东,10736,广东邮电职业技术学院,物理,203,505,175000,48,理学类专业,智能生成（基于相似院校推断）,False,False,True,intelligent_estimation
2025,广东,10795,广东邮电职业技术学院,历史,206,492,175000,91,计算机类专业,智能生成（基于相似院校推断）,False,False,True,intelligent_estimation
2025,广东,11441,广东邮电职业技术学院,历史,206,538,175000,109,土木类专业,智能生成（基于相似院校推断）,False,False,True,intelligent_estimation
2025,广东,11198,广东邮电职业技术学院,历史,203,504,175000,57,机械类专业,智能生成（基于相似院校推断）,False,False,True,intelligent_estimation
2025,广东,11643,广东邮电职业技术学院,历史,209,521,175000,119,计算机类专业,智能生成（基于相似院校推断）,False,False,True,intelligent_estimation
2025,广东,10619,广东邮电职业技术学院,历史,207,519,175000,123,土木类专业,智能生成（基于相似院校推断）,False,False,True,intelligent_estimation
2025,广东,11607,广东邮电职业技术学院,历史,202,509,175000,96,土木类专业,智能生成（基于相似院校推断）,False,False,True,intelligent_estimation
2025,广东,10997,广东建设职业技术学院,物理,203,510,205000,126,电子信息类专业,智能生成（基于相似院校推断）,False,False,True,intelligent_estimation
2025,广东,11501,广东建设职业技术学院,物理,201,474,205000,113,计算机类专业,智能生成（基于相似院校推断）,False,False,True,intelligent_estimation
2025,广东,10611,广东建设职业技术学院,物理,207,503,205000,130,经管类专业,智能生成（基于相似院校推断）,False,False,True,intelligent_estimation
2025,广东,10674,广东建设职业技术学院,物理,201,481,205000,56,电子信息类专业,智能生成（基于相似院校推断）,False,False,True,intelligent_estimation
2025,广东,11584,广东建设职业技术学院,物理,208,505,205000,79,电子信息类专业,智能生成（基于相似院校推断）,False,False,True,intelligent_estimation
2025,广东,11431,广东建设职业技术学院,历史,202,499,205000,88,电子信息类专业,智能生成（基于相似院校推断）,False,False,True,intelligent_estimation
2025,广东,11812,广东建设职业技术学院,历史,205,482,205000,76,计算机类专业,智能生成（基于相似院校推断）,False,False,True,intelligent_estimation
2025,广东,11648,广东建设职业技术学院,历史,208,507,205000,136,计算机类专业,智能生成（基于相似院校推断）,False,False,True,intelligent_estimation
2025,广东,10948,广东建设职业技术学院,历史,205,504,205000,95,土木类专业,智能生成（基于相似院校推断）,False,False,True,intelligent_estimation
2025,广东,10826,广东食品药品职业技术学院,物理,207,459,215000,82,土木类专业,智能生成（基于相似院校推断）,False,False,True,intelligent_estimation
2025,广东,11272,广东食品药品职业技术学院,物理,204,484,215000,136,土木类专业,智能生成（基于相似院校推断）,False,False,True,intelligent_estimation
2025,广东,11498,广东食品药品职业技术学院,物理,207,480,215000,123,电子信息类专业,智能生成（基于相似院校推断）,False,False,True,intelligent_estimation
2025,广东,10750,广东食品药品职业技术学院,物理,203,507,215000,127,土木类专业,智能生成（基于相似院校推断）,False,False,True,intelligent_estimation
2025,广东,11335,广东食品药品职业技术学院,物理,206,480,215000,101,机械类专业,智能生成（基于相似院校推断）,False,False,True,intelligent_estimation
2025,广东,10661,广东食品药品职业技术学院,物理,205,474,215000,150,机械类专业,智能生成（基于相似院校推断）,False,False,True,intelligent_estimation
2025,广东,10670,广东食品药品职业技术学院,物理,208,480,215000,121,电子信息类专业,智能生成（基于相似院校推断）,False,False,True,intelligent_estimation
2025,广东,10631,广东食品药品职业技术学院,历史,208,454,215000,37,机械类专业,智能生成（基于相似院校推断）,False,False,True,intelligent_estimation
2025,广东,11226,广东食品药品职业技术学院,历史,205,482,215000,113,经管类专业,智能生成（基于相似院校推断）,False,False,True,intelligent_estimation
2025,广东,11506,广东食品药品职业技术学院,历史,208,487,215000,55,理学类专业,智能生成（基于相似院校推断）,False,False,True,intelligent_estimation
2025,广东,11059,广东食品药品职业技术学院,历史,207,467,215000,81,计算机类专业,智能生成（基于相似院校推断）,False,False,True,intelligent_estimation
2025,广东,11063,广东食品药品职业技术学院,历史,204,468,215000,67,电子信息类专业,智能生成（基于相似院校推断）,False,False,True,intelligent_estimation
2025,广东,11126,广东食品药品职业技术学院,历史,206,490,215000,110,电子信息类专业,智能生成（基于相似院校推断）,False,False,True,intelligent_estimation
2025,广东,11317,广东食品药品职业技术学院,历史,205,487,215000,113,机械类专业,智能生成（基于相似院校推断）,False,False,True,intelligent_estimation
2025,广东,10655,广东农工商职业技术学院,物理,202,511,170000,41,电子信息类专业,智能生成（基于相似院校推断）,False,False,True,intelligent_estimation
2025,广东,10722,广东农工商职业技术学院,物理,205,498,170000,71,电子信息类专业,智能生成（基于相似院校推断）,False,False,True,intelligent_estimation
2025,广东,10814,广东农工商职业技术学院,物理,205,497,170000,87,土木类专业,智能生成（基于相似院校推断）,False,False,True,intelligent_estimation
2025,广东,11016,广东农工商职业技术学院,物理,202,535,170000,24,机械类专业,智能生成（基于相似院校推断）,False,False,True,intelligent_estimation
2025,广东,11701,广东农工商职业技术学院,物理,201,535,170000,103,电子信息类专业,智能生成（基于相似院校推断）,False,False,True,intelligent_estimation
2025,广东,11506,广东农工商职业技术学院,物理,201,512,170000,28,计算机类专业,智能生成（基于相似院校推断）,False,False,True,intelligent_estimation
2025,广东,10857,广东农工商职业技术学院,物理,204,535,170000,54,土木类专业,智能生成（基于相似院校推断）,False,False,True,intelligent_estimation
2025,广东,10842,广东农工商职业技术学院,历史,201,534,170000,93,文学类专业,智能生成（基于相似院校推断）,False,False,True,intelligent_estimation
2025,广东,11287,广东农工商职业技术学院,历史,201,524,170000,73,经管类专业,智能生成（基于相似院校推断）,False,False,True,intelligent_estimation
2025,广东,11560,广东农工商职业技术学院,历史,201,509,170000,118,经管类专业,智能生成（基于相似院校推断）,False,False,True,intelligent_estimation
2025,广东,11137,韶关学院,物理,202,547,80000,75,计算机类专业,智能生成（基于相似院校推断）,False,False,True,intelligent_estimation
2025,广东,11659,韶关学院,物理,207,556,80000,88,土木类专业,智能生成（基于相似院校推断）,False,False,True,intelligent_estimation
2025,广东,11548,韶关学院,物理,202,544,80000,80,土木类专业,智能生成（基于相似院校推断）,False,False,True,intelligent_estimation
2025,广东,10729,韶关学院,物理,205,522,80000,107,机械类专业,智能生成（基于相似院校推断）,False,False,True,intelligent_estimation
2025,广东,10645,韶关学院,物理,206,546,80000,66,理学类专业,智能生成（基于相似院校推断）,False,False,True,intelligent_estimation
2025,广东,11186,韶关学院,历史,205,534,80000,61,理学类专业,智能生成（基于相似院校推断）,False,False,True,intelligent_estimation
2025,广东,11578,韶关学院,历史,202,539,80000,101,文学类专业,智能生成（基于相似院校推断）,False,False,True,intelligent_estimation
2025,广东,11361,韶关学院,历史,201,555,80000,24,机械类专业,智能生成（基于相似院校推断）,False,False,True,intelligent_estimation
2025,广东,11118,韶关学院,历史,208,534,80000,57,文学类专业,智能生成（基于相似院校推断）,False,False,True,intelligent_estimation
2025,广东,10610,韶关学院,历史,209,554,80000,94,土木类专业,智能生成（基于相似院校推断）,False,False,True,intelligent_estimation
2025,广东,11038,韶关学院,历史,203,533,80000,47,计算机类专业,智能生成（基于相似院校推断）,False,False,True,intelligent_estimation
2025,广东,11255,嘉应学院,物理,207,535,85000,54,理学类专业,智能生成（基于相似院校推断）,False,False,True,intelligent_estimation
2025,广东,11701,嘉应学院,物理,205,532,85000,143,电子信息类专业,智能生成（基于相似院校推断）,False,False,True,intelligent_estimation
2025,广东,10693,嘉应学院,物理,205,547,85000,101,文学类专业,智能生成（基于相似院校推断）,False,False,True,intelligent_estimation
2025,广东,11002,嘉应学院,物理,203,546,85000,121,电子信息类专业,智能生成（基于相似院校推断）,False,False,True,intelligent_estimation
2025,广东,11567,嘉应学院,物理,207,551,85000,42,电子信息类专业,智能生成（基于相似院校推断）,False,False,True,intelligent_estimation
2025,广东,10741,嘉应学院,物理,209,542,85000,21,文学类专业,智能生成（基于相似院校推断）,False,False,True,intelligent_estimation
2025,广东,11782,嘉应学院,物理,205,545,85000,129,电子信息类专业,智能生成（基于相似院校推断）,False,False,True,intelligent_estimation
2025,广东,11223,嘉应学院,历史,203,534,85000,94,土木类专业,智能生成（基于相似院校推断）,False,False,True,intelligent_estimation
2025,广东,11017,嘉应学院,历史,207,530,85000,108,计算机类专业,智能生成（基于相似院校推断）,False,False,True,intelligent_estimation
2025,广东,11792,嘉应学院,历史,204,532,85000,141,理学类专业,智能生成（基于相似院校推断）,False,False,True,intelligent_estimation
2025,广东,10926,嘉应学院,历史,206,556,85000,79,理学类专业,智能生成（基于相似院校推断）,False,False,True,intelligent_estimation
2025,广东,10957,嘉应学院,历史,204,528,85000,100,电子信息类专业,智能生成（基于相似院校推断）,False,False,True,intelligent_estimation
2025,广东,11235,嘉应学院,历史,203,560,85000,111,电子信息类专业,智能生成（基于相似院校推断）,False,False,True,intelligent_estimation
2025,广东,10840,广东培正学院,物理,208,493,130000,107,计算机类专业,智能生成（基于相似院校推断）,False,False,True,intelligent_estimation
2025,广东,11186,广东培正学院,物理,204,500,130000,88,机械类专业,智能生成（基于相似院校推断）,False,False,True,intelligent_estimation
2025,广东,11532,广东培正学院,物理,202,492,130000,32,经管类专业,智能生成（基于相似院校推断）,False,False,True,intelligent_estimation
2025,广东,11210,广东培正学院,物理,206,540,130000,21,经管类专业,智能生成（基于相似院校推断）,False,False,True,intelligent_estimation
2025,广东,11349,广东培正学院,物理,207,493,130000,93,计算机类专业,智能生成（基于相似院校推断）,False,False,True,intelligent_estimation
2025,广东,11099,广东培正学院,物理,201,537,130000,119,经管类专业,智能生成（基于相似院校推断）,False,False,True,intelligent_estimation
2025,广东,11663,广东培正学院,物理,204,492,130000,129,电子信息类专业,智能生成（基于相似院校推断）,False,False,True,intelligent_estimation
2025,广东,11085,广东培正学院,历史,204,528,130000,63,理学类专业,智能生成（基于相似院校推断）,False,False,True,intelligent_estimation
2025,广东,10980,广东培正学院,历史,206,531,130000,38,土木类专业,智能生成（基于相似院校推断）,False,False,True,intelligent_estimation
2025,广东,10847,广东培正学院,历史,209,539,130000,74,理学类专业,智能生成（基于相似院校推断）,False,False,True,intelligent_estimation
2025,广东,10965,湛江科技学院,物理,201,513,135000,40,机械类专业,智能生成（基于相似院校推断）,False,False,True,intelligent_estimation
2025,广东,11829,湛江科技学院,物理,201,493,135000,100,计算机类专业,智能生成（基于相似院校推断）,False,False,True,intelligent_estimation
2025,广东,11202,湛江科技学院,物理,202,496,135000,146,文学类专业,智能生成（基于相似院校推断）,False,False,True,intelligent_estimation
2025,广东,10806,湛江科技学院,物理,204,516,135000,148,电子信息类专业,智能生成（基于相似院校推断）,False,False,True,intelligent_estimation
2025,广东,11760,湛江科技学院,历史,203,518,135000,54,机械类专业,智能生成（基于相似院校推断）,False,False,True,intelligent_estimation
2025,广东,11715,湛江科技学院,历史,205,514,135000,99,理学类专业,智能生成（基于相似院校推断）,False,False,True,intelligent_estimation
2025,广东,10945,湛江科技学院,历史,208,512,135000,22,经管类专业,智能生成（基于相似院校推断）,False,False,True,intelligent_estimation
2025,广东,10854,湛江科技学院,历史,205,525,135000,92,理学类专业,智能生成（基于相似院校推断）,False,False,True,intelligent_estimation
2025,广东,11826,湛江科技学院,历史,207,512,135000,52,土木类专业,智能生成（基于相似院校推断）,False,False,True,intelligent_estimation
2025,广东,11832,湛江科技学院,历史,207,534,135000,29,电子信息类专业,智能生成（基于相似院校推断）,False,False,True,intelligent_estimation
2025,广东,10882,湛江科技学院,历史,207,535,135000,129,电子信息类专业,智能生成（基于相似院校推断）,False,False,True,intelligent_estimation
2025,广东,11012,广东司法警官职业学院,物理,207,493,220000,27,理学类专业,智能生成（基于相似院校推断）,False,False,True,intelligent_estimation
2025,广东,11274,广东司法警官职业学院,物理,207,509,220000,42,电子信息类专业,智能生成（基于相似院校推断）,False,False,True,intelligent_estimation
2025,广东,11156,广东司法警官职业学院,物理,202,498,220000,96,文学类专业,智能生成（基于相似院校推断）,False,False,True,intelligent_estimation
2025,广东,10860,广东司法警官职业学院,物理,202,500,220000,80,文学类专业,智能生成（基于相似院校推断）,False,False,True,intelligent_estimation
2025,广东,10930,广东司法警官职业学院,物理,203,458,220000,123,理学类专业,智能生成（基于相似院校推断）,False,False,True,intelligent_estimation
2025,广东,11214,广东司法警官职业学院,物理,204,499,220000,49,电子信息类专业,智能生成（基于相似院校推断）,False,False,True,intelligent_estimation
2025,广东,10623,广东司法警官职业学院,物理,203,451,220000,145,电子信息类专业,智能生成（基于相似院校推断）,False,False,True,intelligent_estimation
2025,广东,11290,广东司法警官职业学院,物理,202,472,220000,40,计算机类专业,智能生成（基于相似院校推断）,False,False,True,intelligent_estimation
2025,广东,10840,广东司法警官职业学院,历史,207,461,220000,74,经管类专业,智能生成（基于相似院校推断）,False,False,True,intelligent_estimation
2025,广东,11689,广东司法警官职业学院,历史,201,460,220000,124,文学类专业,智能生成（基于相似院校推断）,False,False,True,intelligent_estimation
2025,广东,10677,广东司法警官职业学院,历史,202,477,220000,123,电子信息类专业,智能生成（基于相似院校推断）,False,False,True,intelligent_estimation
2025,广东,11516,广东司法警官职业学院,历史,208,457,220000,55,文学类专业,智能生成（基于相似院校推断）,False,False,True,intelligent_estimation
2025,广东,10701,广东体育职业技术学院,物理,208,502,240000,149,理学类专业,智能生成（基于相似院校推断）,False,False,True,intelligent_estimation
2025,广东,11152,广东体育职业技术学院,物理,201,477,240000,54,文学类专业,智能生成（基于相似院校推断）,False,False,True,intelligent_estimation
2025,广东,11335,广东体育职业技术学院,物理,209,482,240000,55,电子信息类专业,智能生成（基于相似院校推断）,False,False,True,intelligent_estimation
2025,广东,11842,广东体育职业技术学院,物理,205,492,240000,43,电子信息类专业,智能生成（基于相似院校推断）,False,False,True,intelligent_estimation
2025,广东,11739,广东体育职业技术学院,物理,206,466,240000,136,土木类专业,智能生成（基于相似院校推断）,False,False,True,intelligent_estimation
2025,广东,11296,广东体育职业技术学院,物理,205,488,240000,112,理学类专业,智能生成（基于相似院校推断）,False,False,True,intelligent_estimation
2025,广东,11178,广东体育职业技术学院,物理,203,468,240000,68,理学类专业,智能生成（基于相似院校推断）,False,False,True,intelligent_estimation
2025,广东,10816,广东体育职业技术学院,历史,205,451,240000,113,土木类专业,智能生成（基于相似院校推断）,False,False,True,intelligent_estimation
2025,广东,10694,广东体育职业技术学院,历史,204,488,240000,85,理学类专业,智能生成（基于相似院校推断）,False,False,True,intelligent_estimation
2025,广东,10711,广东体育职业技术学院,历史,209,458,240000,30,经管类专业,智能生成（基于相似院校推断）,False,False,True,intelligent_estimation
2025,广东,10769,广东体育职业技术学院,历史,206,488,240000,76,机械类专业,智能生成（基于相似院校推断）,False,False,True,intelligent_estimation
2025,广东,11648,广东体育职业技术学院,历史,206,460,240000,135,文学类专业,智能生成（基于相似院校推断）,False,False,True,intelligent_estimation
2025,广东,11824,广东环境保护工程职业学院,物理,205,510,250000,124,计算机类专业,智能生成（基于相似院校推断）,False,False,True,intelligent_estimation
2025,广东,11599,广东环境保护工程职业学院,物理,201,495,250000,134,土木类专业,智能生成（基于相似院校推断）,False,False,True,intelligent_estimation
2025,广东,10594,广东环境保护工程职业学院,物理,204,481,250000,61,计算机类专业,智能生成（基于相似院校推断）,False,False,True,intelligent_estimation
2025,广东,11843,广东环境保护工程职业学院,物理,206,451,250000,92,土木类专业,智能生成（基于相似院校推断）,False,False,True,intelligent_estimation
2025,广东,11246,广东环境保护工程职业学院,物理,203,455,250000,88,土木类专业,智能生成（基于相似院校推断）,False,False,True,intelligent_estimation
2025,广东,10970,广东环境保护工程职业学院,物理,208,456,250000,132,计算机类专业,智能生成（基于相似院校推断）,False,False,True,intelligent_estimation
2025,广东,11025,广东环境保护工程职业学院,物理,205,487,250000,103,机械类专业,智能生成（基于相似院校推断）,False,False,True,intelligent_estimation
2025,广东,10624,广东环境保护工程职业学院,物理,205,450,250000,49,土木类专业,智能生成（基于相似院校推断）,False,False,True,intelligent_estimation
2025,广东,11396,广东环境保护工程职业学院,历史,202,484,250000,130,计算机类专业,智能生成（基于相似院校推断）,False,False,True,intelligent_estimation
2025,广东,11274,广东环境保护工程职业学院,历史,204,485,250000,34,机械类专业,智能生成（基于相似院校推断）,False,False,True,intelligent_estimation
2025,广东,10721,广东环境保护工程职业学院,历史,201,498,250000,96,文学类专业,智能生成（基于相似院校推断）,False,False,True,intelligent_estimation
2025,广东,10937,广东环境保护工程职业学院,历史,206,495,250000,87,计算机类专业,智能生成（基于相似院校推断）,False,False,True,intelligent_estimation
2025,广东,11284,广东松山职业技术学院,物理,208,482,260000,24,计算机类专业,智能生成（基于相似院校推断）,False,False,True,intelligent_estimation
2025,广东,10638,广东松山职业技术学院,物理,208,451,260000,110,文学类专业,智能生成（基于相似院校推断）,False,False,True,intelligent_estimation
2025,广东,11311,广东松山职业技术学院,物理,207,479,260000,143,机械类专业,智能生成（基于相似院校推断）,False,False,True,intelligent_estimation
2025,广东,11301,广东松山职业技术学院,物理,202,504,260000,102,理学类专业,智能生成（基于相似院校推断）,False,False,True,intelligent_estimation
2025,广东,11432,广东松山职业技术学院,历史,203,466,260000,45,计算机类专业,智能生成（基于相似院校推断）,False,False,True,intelligent_estimation
2025,广东,11504,广东松山职业技术学院,历史,202,470,260000,55,经管类专业,智能生成（基于相似院校推断）,False,False,True,intelligent_estimation
2025,广东,11766,广东松山职业技术学院,历史,203,478,260000,29,电子信息类专业,智能生成（基于相似院校推断）,False,False,True,intelligent_estimation
2025,广东,10903,广东女子职业技术学院,物理,209,471,230000,79,文学类专业,智能生成（基于相似院校推断）,False,False,True,intelligent_estimation
2025,广东,10894,广东女子职业技术学院,物理,201,508,230000,60,机械类专业,智能生成（基于相似院校推断）,False,False,True,intelligent_estimation
2025,广东,11325,广东女子职业技术学院,物理,206,450,230000,32,理学类专业,智能生成（基于相似院校推断）,False,False,True,intelligent_estimation
2025,广东,11236,广东女子职业技术学院,物理,202,459,230000,64,理学类专业,智能生成（基于相似院校推断）,False,False,True,intelligent_estimation
2025,广东,11279,广东女子职业技术学院,物理,201,468,230000,60,经管类专业,智能生成（基于相似院校推断）,False,False,True,intelligent_estimation
2025,广东,11243,广东女子职业技术学院,物理,203,508,230000,146,土木类专业,智能生成（基于相似院校推断）,False,False,True,intelligent_estimation
2025,广东,11810,广东女子职业技术学院,物理,207,463,230000,48,机械类专业,智能生成（基于相似院校推断）,False,False,True,intelligent_estimation
2025,广东,10851,广东女子职业技术学院,物理,208,474,230000,27,计算机类专业,智能生成（基于相似院校推断）,False,False,True,intelligent_estimation
2025,广东,11195,广东女子职业技术学院,历史,203,457,230000,122,土木类专业,智能生成（基于相似院校推断）,False,False,True,intelligent_estimation
2025,广东,11574,广东女子职业技术学院,历史,208,488,230000,58,土木类专业,智能生成（基于相似院校推断）,False,False,True,intelligent_estimation
2025,广东,11165,广东女子职业技术学院,历史,207,469,230000,122,文学类专业,智能生成（基于相似院校推断）,False,False,True,intelligent_estimation
2025,广东,11253,广东女子职业技术学院,历史,204,506,230000,126,计算机类专业,智能生成（基于相似院校推断）,False,False,True,intelligent_estimation
2025,广东,10795,广东女子职业技术学院,历史,203,505,230000,50,机械类专业,智能生成（基于相似院校推断）,False,False,True,intelligent_estimation
2025,广东,11472,广东女子职业技术学院,历史,208,475,230000,34,土木类专业,智能生成（基于相似院校推断）,False,False,True,intelligent_estimation
2025,广东,11464,广东女子职业技术学院,历史,202,475,230000,125,机械类专业,智能生成（基于相似院校推断）,False,False,True,intelligent_estimation
2025,广东,10644,广东女子职业技术学院,历史,206,503,230000,37,计算机类专业,智能生成（基于相似院校推断）,False,False,True,intelligent_estimation
